{
    "name": "root",
    "total": 17.749248682999998,
    "count": 1,
    "self": 0.10776758999999814,
    "children": {
        "run_training.setup": {
            "total": 0.09975621999999973,
            "count": 1,
            "self": 0.09975621999999973
        },
        "TrainerController.start_learning": {
            "total": 17.541724873,
            "count": 1,
            "self": 1.9000021390000459,
            "children": {
                "TrainerController._reset_env": {
                    "total": 10.678883586,
                    "count": 1,
                    "self": 10.678883586
                },
                "TrainerController.advance": {
                    "total": 4.962839147999954,
                    "count": 582,
                    "self": 0.009624847000024417,
                    "children": {
                        "env_step": {
                            "total": 4.805207299999958,
                            "count": 582,
                            "self": 4.367378580999965,
                            "children": {
                                "SubprocessEnvManager._take_step": {
                                    "total": 0.4304710380000163,
                                    "count": 582,
                                    "self": 0.016415760999993978,
                                    "children": {
                                        "NNPolicy.evaluate": {
                                            "total": 0.4140552770000223,
                                            "count": 582,
                                            "self": 0.4140552770000223
                                        }
                                    }
                                },
                                "workers": {
                                    "total": 0.007357680999977134,
                                    "count": 581,
                                    "self": 0.0,
                                    "children": {
                                        "worker_root": {
                                            "total": 17.707778096000016,
                                            "count": 581,
                                            "is_parallel": true,
                                            "self": 13.877308362999994,
                                            "children": {
                                                "run_training.setup": {
                                                    "total": 0.0,
                                                    "count": 0,
                                                    "is_parallel": true,
                                                    "self": 0.0,
                                                    "children": {
                                                        "batched_step_result_from_proto": {
                                                            "total": 0.001589940000000567,
                                                            "count": 1,
                                                            "is_parallel": true,
                                                            "self": 0.0001709860000005392,
                                                            "children": {
                                                                "_process_vector_observation": {
                                                                    "total": 0.0014189540000000278,
                                                                    "count": 1,
                                                                    "is_parallel": true,
                                                                    "self": 0.0014189540000000278
                                                                }
                                                            }
                                                        },
                                                        "UnityEnvironment.step": {
                                                            "total": 0.0184471170000009,
                                                            "count": 1,
                                                            "is_parallel": true,
                                                            "self": 0.00010187099999825477,
                                                            "children": {
                                                                "UnityEnvironment._generate_step_input": {
                                                                    "total": 0.00013409600000002797,
                                                                    "count": 1,
                                                                    "is_parallel": true,
                                                                    "self": 0.00013409600000002797
                                                                },
                                                                "communicator.exchange": {
                                                                    "total": 0.017989658000001185,
                                                                    "count": 1,
                                                                    "is_parallel": true,
                                                                    "self": 0.017989658000001185
                                                                },
                                                                "batched_step_result_from_proto": {
                                                                    "total": 0.0002214920000014331,
                                                                    "count": 1,
                                                                    "is_parallel": true,
                                                                    "self": 8.516100000122151e-05,
                                                                    "children": {
                                                                        "_process_vector_observation": {
                                                                            "total": 0.0001363310000002116,
                                                                            "count": 1,
                                                                            "is_parallel": true,
                                                                            "self": 0.0001363310000002116
                                                                        }
                                                                    }
                                                                }
                                                            }
                                                        }
                                                    }
                                                },
                                                "UnityEnvironment.step": {
                                                    "total": 3.8304697330000224,
                                                    "count": 580,
                                                    "is_parallel": true,
                                                    "self": 0.04816379999996556,
                                                    "children": {
                                                        "UnityEnvironment._generate_step_input": {
                                                            "total": 0.032677806000016574,
                                                            "count": 580,
                                                            "is_parallel": true,
                                                            "self": 0.032677806000016574
                                                        },